population,p_value
b_cell,0.05574771201656558
cd8_t_cell,0.639199092320909
cd4_t_cell,0.013406531835818084
nk_cell,0.12106000597478862
monocyte,0.1635092173658036
